Workbook

Sheet Spotify company
A1: Date | B1: Open | C1: High | D1: Low | E1: Close | F1: Adj Close | G1: Volume
A2: 46086 | B2: 537.5 | C2: 554.44 | D2: 533.11 | E2: 552.12 | F2: 552.12 | G2: 2755207 | I2: finance.yahoo.com
A3: 46083 | B3: 505.35 | C3: 554.44 | D3: 492 | E3: 552.12 | F3: 552.12 | G3: 11252900
A4: 46076 | B4: 483.78 | C4: 515.98 | D4: 453.68 | E4: 514.94 | F4: 514.94 | G4: 14641800 | I4: Spotify Technology S.A. (SPOT)
A5: 46069 | B5: 461.95 | C5: 497.52 | D5: 455.34 | E5: 490.6 | F5: 490.6 | G5: 11777300
A6: 46062 | B6: 430.82 | C6: 504.83 | D6: 410.21 | E6: 458.34 | F6: 458.34 | G6: 31556700
A7: 46055 | B7: 497.02 | C7: 512.28 | D7: 405 | E7: 422.61 | F7: 422.61 | G7: 25712300
A8: 46048 | B8: 516.02 | C8: 520 | D8: 493.31 | E8: 500.35 | F8: 500.35 | G8: 9168800
A9: 46041 | B9: 504.26 | C9: 516.98 | D9: 491.3 | E9: 513.21 | F9: 513.21 | G9: 11748800
A10: 46034 | B10: 539.46 | C10: 548.55 | D10: 500.82 | E10: 504.5 | F10: 504.5 | G10: 16718700
A11: 46027 | B11: 582.25 | C11: 609.2 | D11: 536.13 | E11: 539.37 | F11: 539.37 | G11: 12367400
A12: 46020 | B12: 583.88 | C12: 586.53 | D12: 570.79 | E12: 575 | F12: 575 | G12: 4338300
A13: 46013 | B13: 580 | C13: 588.52 | D13: 576.31 | E13: 584.35 | F13: 584.35 | G13: 3185700
A14: 46006 | B14: 595.75 | C14: 596.99 | D14: 562.28 | E14: 582.16 | F14: 582.16 | G14: 8639400
A15: 45999 | B15: 566 | C15: 619.96 | D15: 548.73 | E15: 597.8 | F15: 597.8 | G15: 12043800
A16: 45992 | B16: 594.16 | C16: 595.42 | D16: 550.12 | E16: 564.93 | F16: 564.93 | G16: 11195200
... A55: 45719 | B55: 570.01 | C55: 581.34 | D55: 506.49 | E55: 532.1 | F55: 532.1 | G55: 6791300

Sheet YG Entertainment
A1: Date | B1: Open | C1: High | D1: Low | E1: Close | F1: Adj Close | G1: Volume
A2: 46087 | B2: 63600 | C2: 70600 | D2: 63200 | E2: 69500 | F2: 69500 | G2: 407991
A3: 46083 | B3: 72400 | C3: 72500 | D3: 62500 | E3: 64200 | F3: 64200 | G3: 1906258 | K3: finance.yahoo.com
A4: 46076 | B4: 74200 | C4: 77600 | D4: 70100 | E4: 74000 | F4: 74000 | G4: 1897968
A5: 46069 | B5: 73900 | C5: 74700 | D5: 72900 | E5: 73300 | F5: 73300 | G5: 386015 | K5: YG Entertainment Inc. (122870.KQ)
A6: 46062 | B6: 71800 | C6: 79000 | D6: 71400 | E6: 72900 | F6: 72900 | G6: 1589042
A7: 46055 | B7: 72500 | C7: 73900 | D7: 66700 | E7: 70100 | F7: 70100 | G7: 1162853
A8: 46048 | B8: 70700 | C8: 77600 | D8: 69800 | E8: 74700 | F8: 74700 | G8: 2486055
A9: 46041 | B9: 69500 | C9: 71500 | D9: 66300 | E9: 70700 | F9: 70700 | G9: 1235504
A10: 46034 | B10: 67400 | C10: 70900 | D10: 65800 | E10: 68800 | F10: 68800 | G10: 1232107
A11: 46027 | B11: 71900 | C11: 72000 | D11: 62400 | E11: 67200 | F11: 67200 | G11: 2136505
A12: 46020 | B12: 64000 | C12: 72400 | D12: 63600 | E12: 70400 | F12: 70400 | G12: 1343007
A13: 46013 | B13: 63900 | C13: 66600 | D13: 62800 | E13: 64500 | F13: 64500 | G13: 793283
A14: 46006 | B14: 62700 | C14: 65150 | D14: 61500 | E14: 63300 | F14: 63300 | G14: 1142428
A15: 45999 | B15: 61900 | C15: 63600 | D15: 61100 | E15: 63600 | F15: 63600 | G15: 637107
A16: 45992 | B16: 65500 | C16: 65800 | D16: 61300 | E16: 62100 | F16: 62100 | G16: 665465
A17: 45985 | B17: 61000 | C17: 65600 | D17: 58400 | E17: 64900 | F17: 64900 | G17: 1050414
... A55: 45719 | B55: 64500 | C55: 64500 | D55: 61400 | E55: 62500 | F55: 62500 | G55: 403022

Sheet Combine
A1: Date | B1: Spotify | C1: 122870 KQ | D1: Weekly return(Spot) | E1: Weekly return (122870 KQ) | H1: Data Descriptions
A2: 46086 | B2: =ifna(VLOOKUP(A2,'Spotify company'!A:F,6,0),"") -> 552.12 | C2: 69500 | D2: =ifna(B2/B3-1,"") -> 0 | E2: =ifna(C2/C3-1,"") -> 0.082554517 | I2: =B1 -> Spotify | J2: =C1 -> 122870 KQ
A3: 46083 | B3: =ifna(VLOOKUP(A3,'Spotify company'!A:F,6,0),"") -> 552.12 | C3: =ifna(VLOOKUP(A3,'YG Entertainment'!A2:G59,6,0),"") -> 64200 | D3: =ifna(B3/B4-1,"") -> 0.072202587 | E3: =ifna(C3/C4-1,"") -> -0.13243243
A4: 46076 | B4: =ifna(VLOOKUP(A4,'Spotify company'!A:F,6,0),"") -> 514.94 | C4: =ifna(VLOOKUP(A4,'YG Entertainment'!A3:G60,6,0),"") -> 74000 | D4: =ifna(B4/B5-1,"") -> 0.049612719 | E4: =ifna(C4/C5-1,"") -> 0.0095497954 | H4: Max | I4: =MAX(D:D) -> 0.1255521 | J4: =MAX(E:E) -> 0.17380353
A5: 46069 | B5: =ifna(VLOOKUP(A5,'Spotify company'!A:F,6,0),"") -> 490.6 | C5: =ifna(VLOOKUP(A5,'YG Entertainment'!A4:G61,6,0),"") -> 73300 | D5: =ifna(B5/B6-1,"") -> 0.070384431 | E5: =ifna(C5/C6-1,"") -> 0.0054869684 | H5: MIn | I5: =MIN(D:D) -> -0.15537124 | J5: =MIN(E:E) -> -0.21311475
A6: 46062 | B6: =ifna(VLOOKUP(A6,'Spotify company'!A:F,6,0),"") -> 458.34 | C6: =ifna(VLOOKUP(A6,'YG Entertainment'!A5:G62,6,0),"") -> 72900 | D6: =ifna(B6/B7-1,"") -> 0.084546035 | E6: =ifna(C6/C7-1,"") -> 0.039942939 | H6: Range | I6: =I4-I5 -> 0.28092334 | J6: =J4-J5 -> 0.38691828
A7: 46055 | B7: =ifna(VLOOKUP(A7,'Spotify company'!A:F,6,0),"") -> 422.61 | C7: =ifna(VLOOKUP(A7,'YG Entertainment'!A6:G63,6,0),"") -> 70100 | D7: =ifna(B7/B8-1,"") -> -0.15537124 | E7: =ifna(C7/C8-1,"") -> -0.061579652
A8: 46048 | B8: =ifna(VLOOKUP(A8,'Spotify company'!A:F,6,0),"") -> 500.35 | C8: =ifna(VLOOKUP(A8,'YG Entertainment'!A7:G64,6,0),"") -> 74700 | D8: =ifna(B8/B9-1,"") -> -0.025057968 | E8: =ifna(C8/C9-1,"") -> 0.056577086 | H8: Q3 | I8: =_xlfn.PERCENTILE.INC(D:D,0.75) -> 0.043755111 | J8: =_xlfn.PERCENTILE.INC(E:E,0.75) -> 0.032520325
A9: 46041 | B9: =ifna(VLOOKUP(A9,'Spotify company'!A:F,6,0),"") -> 513.21 | C9: =ifna(VLOOKUP(A9,'YG Entertainment'!A8:G65,6,0),"") -> 70700 | D9: =ifna(B9/B10-1,"") -> 0.017264618 | E9: =ifna(C9/C10-1,"") -> 0.027616279 | H9: Q1 | I9: =_xlfn.PERCENTILE.INC(D:D, 0.25) -> -0.026162596 | J9: =_xlfn.PERCENTILE.INC(E:E, 0.25) -> -0.02173913
A10: 46034 | B10: =ifna(VLOOKUP(A10,'Spotify company'!A:F,6,0),"") -> 504.5 | C10: =ifna(VLOOKUP(A10,'YG Entertainment'!A9:G66,6,0),"") -> 68800 | D10: =ifna(B10/B11-1,"") -> -0.064649498 | E10: =ifna(C10/C11-1,"") -> 0.023809524 | H10: IQR | I10: =I8-I9 -> 0.069917707 | J10: =J8-J9 -> 0.054259456
A11: 46027 | B11: =ifna(VLOOKUP(A11,'Spotify company'!A:F,6,0),"") -> 539.37 | C11: =ifna(VLOOKUP(A11,'YG Entertainment'!A10:G67,6,0),"") -> 67200 | D11: =ifna(B11/B12-1,"") -> -0.061965217 | E11: =ifna(C11/C12-1,"") -> -0.045454545 | H11: Fence | I11: =I10*1.5 -> 0.10487656 | J11: =J10*1.5 -> 0.081389183
A12: 46020 | B12: =ifna(VLOOKUP(A12,'Spotify company'!A:F,6,0),"") -> 575 | C12: =ifna(VLOOKUP(A12,'YG Entertainment'!A11:G68,6,0),"") -> 70400 | D12: =ifna(B12/B13-1,"") -> -0.016000685 | E12: =ifna(C12/C13-1,"") -> 0.091472868 | H12: Upper Fence | I12: =I11+I8 -> 0.14863167 | J12: =J11+J8 -> 0.11390951
A13: 46013 | B13: =ifna(VLOOKUP(A13,'Spotify company'!A:F,6,0),"") -> 584.35 | C13: =ifna(VLOOKUP(A13,'YG Entertainment'!A12:G69,6,0),"") -> 64500 | D13: =ifna(B13/B14-1,"") -> 0.0037618524 | E13: =ifna(C13/C14-1,"") -> 0.018957346 | H13: Lower fence | I13: =I9-I11 -> -0.13103916 | J13: =J9-J11 -> -0.10312831
A14: 46006 | B14: =ifna(VLOOKUP(A14,'Spotify company'!A:F,6,0),"") -> 582.16 | C14: =ifna(VLOOKUP(A14,'YG Entertainment'!A13:G70,6,0),"") -> 63300 | D14: =ifna(B14/B15-1,"") -> -0.026162596 | E14: =ifna(C14/C15-1,"") -> -0.0047169811 | H14: Mean | I14: =AVERAGE(D:D) -> 0.0023251195 | J14: =AVERAGE(E:E) -> 0.0041700763
A15: 45999 | B15: =ifna(VLOOKUP(A15,'Spotify company'!A:F,6,0),"") -> 597.8 | C15: =ifna(VLOOKUP(A15,'YG Entertainment'!A14:G71,6,0),"") -> 63600 | D15: =ifna(B15/B16-1,"") -> 0.0581842 | E15: =ifna(C15/C16-1,"") -> 0.024154589 | H15: Z min | I15: =(I5-I14)/I19 -> -2.7518546 | J15: =(J5-J14)/J19 -> -3.3190776
A16: 45992 | B16: =ifna(VLOOKUP(A16,'Spotify company'!A:F,6,0),"") -> 564.93 | C16: =ifna(VLOOKUP(A16,'YG Entertainment'!A15:G72,6,0),"") -> 62100 | D16: =ifna(B16/B17-1,"") -> -0.056673402 | E16: =ifna(C16/C17-1,"") -> -0.043143297 | H16: Zmax | I16: =(I4-I14)/I19 -> 2.1503523 | J16: =(J4-J14)/J19 -> 2.5911914
A17: 45985 | B17: =ifna(VLOOKUP(A17,'Spotify company'!A:F,6,0),"") -> 598.87 | C17: =ifna(VLOOKUP(A17,'YG Entertainment'!A16:G73,6,0),"") -> 64900 | D17: =ifna(B17/B18-1,"") -> 0.026147599 | E17: =ifna(C17/C18-1,"") -> 0.069192751 | H17: Mean absolute deviation | I17: =AVEDEV(D:D)*54/53 -> 0.046456609 | J17: =AVEDEV(E:E)*54/53 -> 0.04759949
A18: 45978 | B18: =ifna(VLOOKUP(A18,'Spotify company'!A:F,6,0),"") -> 583.61 | C18: =ifna(VLOOKUP(A18,'YG Entertainment'!A17:G74,6,0),"") -> 60700 | D18: =ifna(B18/B19-1,"") -> -0.08201337 | E18: =ifna(C18/C19-1,"") -> -0.022544283 | H18: Sample Varience | I18: =VAR(D:D) -> 0.0032839185 | J18: =VAR(E:E) -> 0.004285722
A19: 45971 | B19: =ifna(VLOOKUP(A19,'Spotify company'!A:F,6,0),"") -> 635.75 | C19: =ifna(VLOOKUP(A19,'YG Entertainment'!A18:G75,6,0),"") -> 62100 | D19: =ifna(B19/B20-1,"") -> 0.030539301 | E19: =ifna(C19/C20-1,"") -> -0.1375 | H19: Sample Standard deviation | I19: =_xlfn.STDEV.S(D:D) -> 0.057305484 | J19: =_xlfn.STDEV.S(E:E) -> 0.065465426
A20: 45964 | B20: =ifna(VLOOKUP(A20,'Spotify company'!A:F,6,0),"") -> 616.91 | C20: =ifna(VLOOKUP(A20,'YG Entertainment'!A19:G76,6,0),"") -> 72000 | D20: =ifna(B20/B21-1,"") -> -0.058612586 | E20: =ifna(C20/C21-1,"") -> -0.21311475 | H20: CV | I20: =I19/I14 -> 24.646253 | J20: =J19/J14 -> 15.698856
A21: 45957 | B21: =ifna(VLOOKUP(A21,'Spotify company'!A:F,6,0),"") -> 655.32 | C21: =ifna(VLOOKUP(A21,'YG Entertainment'!A20:G77,6,0),"") -> 91500 | D21: =ifna(B21/B22-1,"") -> 0.014772833 | E21: =ifna(C21/C22-1,"") -> 0.011049724
A22: 45950 | B22: =ifna(VLOOKUP(A22,'Spotify company'!A:F,6,0),"") -> 645.78 | C22: =ifna(VLOOKUP(A22,'YG Entertainment'!A21:G78,6,0),"") -> 90500 | D22: =ifna(B22/B23-1,"") -> -0.038330951 | E22: =ifna(C22/C23-1,"") -> 0.0055555556
A23: 45943 | B23: =ifna(VLOOKUP(A23,'Spotify company'!A:F,6,0),"") -> 671.52 | C23: =ifna(VLOOKUP(A23,'YG Entertainment'!A22:G79,6,0),"") -> 90000 | D23: =ifna(B23/B24-1,"") -> -0.020093683 | E23: =ifna(C23/C24-1,"") -> -0.096385542 | H23: Covarience | I23: =_xlfn.COVARIANCE.S(D:D,E:E) -> 0.0010689547
A24: 45936 | B24: =ifna(VLOOKUP(A24,'Spotify company'!A:F,6,0),"") -> 685.29 | C24: =ifna(VLOOKUP(A24,'YG Entertainment'!A23:G80,6,0),"") -> 99600 | D24: =ifna(B24/B25-1,"") -> 0.007038942 | E24: =ifna(C24/C25-1,"") -> 0.018404908 | H24: Correlation | I24: =CORREL(D:D,E:E) -> 0.28493849
A25: 45929 | B25: =ifna(VLOOKUP(A25,'Spotify company'!A:F,6,0),"") -> 680.5 | C25: =ifna(VLOOKUP(A25,'YG Entertainment'!A24:G81,6,0),"") -> 97800 | D25: =ifna(B25/B26-1,"") -> -0.050284008 | E25: =ifna(C25/C26-1,"") -> -0.028798411
A26: 45922 | B26: =ifna(VLOOKUP(A26,'Spotify company'!A:F,6,0),"") -> 716.53 | C26: =ifna(VLOOKUP(A26,'YG Entertainment'!A25:G82,6,0),"") -> 100700 | D26: =ifna(B26/B27-1,"") -> -0.025023132 | E26: =ifna(C26/C27-1,"") -> 0.018200202
A27: 45915 | B27: =ifna(VLOOKUP(A27,'Spotify company'!A:F,6,0),"") -> 734.92 | C27: =ifna(VLOOKUP(A27,'YG Entertainment'!A26:G83,6,0),"") -> 98900 | D27: =ifna(B27/B28-1,"") -> 0.055313038 | E27: =ifna(C27/C28-1,"") -> 0.0071283096
A28: 45908 | B28: =ifna(VLOOKUP(A28,'Spotify company'!A:F,6,0),"") -> 696.4 | C28: =ifna(VLOOKUP(A28,'YG Entertainment'!A27:G84,6,0),"") -> 98200 | D28: =ifna(B28/B29-1,"") -> -0.015257569 | E28: =ifna(C28/C29-1,"") -> -0.013065327
A29: 45901 | B29: =ifna(VLOOKUP(A29,'Spotify company'!A:F,6,0),"") -> 707.19 | C29: =ifna(VLOOKUP(A29,'YG Entertainment'!A28:G85,6,0),"") -> 99500 | D29: =ifna(B29/B30-1,"") -> 0.037117968 | E29: =ifna(C29/C30-1,"") -> -0.020669291
A30: 45894 | B30: =ifna(VLOOKUP(A30,'Spotify company'!A:F,6,0),"") -> 681.88 | C30: =ifna(VLOOKUP(A30,'YG Entertainment'!A29:G86,6,0),"") -> 101600 | D30: =ifna(B30/B31-1,"") -> -0.016031977 | E30: =ifna(C30/C31-1,"") -> -0.0039215686
A31: 45887 | B31: =ifna(VLOOKUP(A31,'Spotify company'!A:F,6,0),"") -> 692.99 | C31: =ifna(VLOOKUP(A31,'YG Entertainment'!A30:G87,6,0),"") -> 102000 | D31: =ifna(B31/B32-1,"") -> -0.054338778 | E31: =ifna(C31/C32-1,"") -> 0.02926337
A32: 45880 | B32: =ifna(VLOOKUP(A32,'Spotify company'!A:F,6,0),"") -> 732.81 | C32: =ifna(VLOOKUP(A32,'YG Entertainment'!A31:G88,6,0),"") -> 99100 | D32: =ifna(B32/B33-1,"") -> 0.038136254 | E32: =ifna(C32/C33-1,"") -> 0.063304721
A33: 45873 | B33: =ifna(VLOOKUP(A33,'Spotify company'!A:F,6,0),"") -> 705.89 | C33: =ifna(VLOOKUP(A33,'YG Entertainment'!A32:G89,6,0),"") -> 93200 | D33: =ifna(B33/B34-1,"") -> 0.1255521 | E33: =ifna(C33/C34-1,"") -> 0.17380353
A34: 45866 | B34: =ifna(VLOOKUP(A34,'Spotify company'!A:F,6,0),"") -> 627.15 | C34: =ifna(VLOOKUP(A34,'YG Entertainment'!A33:G90,6,0),"") -> 79400 | D34: =ifna(B34/B35-1,"") -> -0.095152215 | E34: =ifna(C34/C35-1,"") -> -0.044524669
A35: 45859 | B35: =ifna(VLOOKUP(A35,'Spotify company'!A:F,6,0),"") -> 693.1 | C35: =ifna(VLOOKUP(A35,'YG Entertainment'!A34:G91,6,0),"") -> 83100 | D35: =ifna(B35/B36-1,"") -> -0.003422097 | E35: =ifna(C35/C36-1,"") -> -0.021201413
A36: 45852 | B36: =ifna(VLOOKUP(A36,'Spotify company'!A:F,6,0),"") -> 695.48 | C36: =ifna(VLOOKUP(A36,'YG Entertainment'!A35:G92,6,0),"") -> 84900 | D36: =ifna(B36/B37-1,"") -> -0.019276599 | E36: =ifna(C36/C37-1,"") -> -0.01849711
... A54: 45726 | B54: =ifna(VLOOKUP(A54,'Spotify company'!A:F,6,0),"") -> 574.79 | C54: =ifna(VLOOKUP(A54,'YG Entertainment'!A53:G110,6,0),"") -> 61300 | D54: =ifna(B54/B55-1,"") -> 0.08022928 | E54: =ifna(C54/C55-1,"") -> -0.0192
A55: 45719 | B55: =ifna(VLOOKUP(A55,'Spotify company'!A:F,6,0),"") -> 532.1 | C55: =ifna(VLOOKUP(A55,'YG Entertainment'!A54:G111,6,0),"") -> 62500
C56: =ifna(VLOOKUP(A56,'YG Entertainment'!A55:G112,6,0),"")
C57: =ifna(VLOOKUP(A57,'YG Entertainment'!A56:G113,6,0),"")

Sheet S&P 500
A1: Date | B1: Adj close | C1: Weekly return
A2: 46087 | B2: 6736.37 | C2: =B2/B3-1 -> -0.013811156 | E2: S&P 500 (^GSPC) | H2: Date | I2: Open | J2: High | K2: Low | L2: Close | M2: Adj Close | N2: Volume
A3: 46083 | B3: 6830.71 | C3: =B3/B4-1 -> -0.0070025934 | H3: 46087 | I3: 6769.03 | J3: 6769.03 | K3: 6736.19 | L3: 6736.37 | M3: 6736.37 | N3: 116479552
A4: 46076 | B4: 6878.88 | C4: =B4/B5-1 -> -0.0044330206 | E4: As of 12:19:14 PM EST. Market Open. | H4: 46083 | I4: 6824.36 | J4: 6901.01 | K4: 6710.42 | L4: 6830.71 | M4: 6830.71 | N4: 23762630000
A5: 46069 | B5: 6909.51 | C5: =B5/B6-1 -> 0.010728229 | H5: 46076 | I5: 6901.25 | J5: 6952.51 | K5: 6815.43 | L5: 6878.88 | M5: 6878.88 | N5: 28787710000
A6: 46062 | B6: 6836.17 | C6: =B6/B7-1 -> -0.013866971 | H6: 46069 | I6: 6819.86 | J6: 6915.86 | K6: 6775.5 | L6: 6909.51 | M6: 6909.51 | N6: 21100810000
A7: 46055 | B7: 6932.3 | C7: =B7/B8-1 -> -0.00096987619 | H7: 46062 | I7: 6917.26 | J7: 6993.48 | K7: 6794.55 | L7: 6836.17 | M7: 6836.17 | N7: 30258780000
A8: 46048 | B8: 6939.03 | C8: =B8/B9-1 -> 0.0033865415 | H8: 46055 | I8: 6916.64 | J8: 6993.08 | K8: 6780.13 | L8: 6932.3 | M8: 6932.3 | N8: 33538260000
A9: 46041 | B9: 6915.61 | C9: =B9/B10-1 -> -0.0035158451 | H9: 46048 | I9: 6923.23 | J9: 7002.28 | K9: 6870.8 | L9: 6939.03 | M9: 6939.03 | N9: 29382560000
A10: 46034 | B10: 6940.01 | C10: =B10/B11-1 -> -0.0037710227 | H10: 46041 | I10: 6865.24 | J10: 6934.75 | K10: 6789.05 | L10: 6915.61 | M10: 6915.61 | N10: 21784530000
A11: 46027 | B11: 6966.28 | C11: =B11/B12-1 -> 0.015719249 | H11: 46034 | I11: 6944.12 | J11: 6986.33 | K11: 6885.74 | L11: 6940.01 | M11: 6940.01 | N11: 26112200000
A12: 46020 | B12: 6858.47 | C12: =B12/B13-1 -> -0.010313221 | H12: 46027 | I12: 6892.19 | J12: 6978.36 | K12: 6891.56 | L12: 6966.28 | M12: 6966.28 | N12: 26993190000
A13: 46013 | B13: 6929.94 | C13: =B13/B14-1 -> 0.013964445 | H13: 46020 | I13: 6903.6 | J13: 6920.21 | K13: 6824.31 | L13: 6858.47 | M13: 6858.47 | N13: 14297630000
A14: 46006 | B14: 6834.5 | C14: =B14/B15-1 -> 0.0010384611 | H14: 46013 | I14: 6865.21 | J14: 6945.77 | K14: 6855.74 | L14: 6929.94 | M14: 6929.94 | N14: 12670410000
A15: 45999 | B15: 6827.41 | C15: =B15/B16-1 -> -0.0062572776 | H15: 46006 | I15: 6860.19 | J15: 6861.59 | K15: 6720.43 | L15: 6834.5 | M15: 6834.5 | N15: 28736560000
A16: 45992 | B16: 6870.4 | C16: =B16/B17-1 -> 0.0031113622 | H16: 45999 | I16: 6875.2 | J16: 6903.46 | K16: 6801.79 | L16: 6827.41 | M16: 6827.41 | N16: 24722970000
... A54: 45726 | B54: 5638.94 | C54: =B54/B55-1 -> -0.022747912 | H54: 45733 | I54: 5635.6 | J54: 5715.33 | K54: 5597.76 | L54: 5667.56 | M54: 5667.56 | N54: 28404010000
A55: 45719 | B55: 5770.2 | H55: 45726 | I55: 5705.37 | J55: 5705.37 | K55: 5504.65 | L55: 5638.94 | M55: 5638.94 | N55: 27732600000
H56: 45719 | I56: 5785.87 | J56: 5812.08 | K56: 5666.29 | L56: 5770.2 | M56: 5770.2 | N56: 10870220000

Sheet Sharpe Ratio and Comparison of 
A1: Sharpe Ratio
B3: =Combine!B1 -> Spotify | C3: =Combine!C1 -> 122870 KQ
A4: Sharpe Ratio | B4: =(Combine!I14-B7)/Combine!I19 -> 0.027285016 | C4: =(Combine!J14-B7)/Combine!J19 -> 0.052066229
A6: One year T.Bill | B6: 0.0396
A7: One week T.Bill | B7: =B6/52 -> 0.00076153846
A12: Comparison of risk (Variance)
A13: Spotify | B13: V
A14: 122870 KQ | B14: T
A15: H0: | B15: σ^2(T)​=σ^2(V)​
A16: HA: | B16: σ^2(T) >​σ^2(V)​
A18: n | B18: 54
A19: df1 | B19: 53
A20: df2 | B20: 53
A21: F(df1, df2) | B21: S(T)/S(V)
A22: F(53, 53) | B22: =Combine!J18/Combine!I18 -> 1.3050635
A23: P | B23: =_xlfn.F.DIST.RT(B22,53,53) -> 0.1677241
A24: Fails to reject H0 at 5% significane level

Sheet Regression
A1: Date | B1: Spotify | C1: S&P 500
A2: 46087 | B2: =ifna(VLOOKUP(A2, Combine!A2:F58,4,0),"") | C2: =VLOOKUP(A2,'S&P 500'!A2:D56,3,0) -> -0.013811156
A3: 46083 | B3: =VLOOKUP(A3, Combine!A3:F59,4,0) -> 0.072202587 | C3: =VLOOKUP(A3,'S&P 500'!A3:D57,3,0) -> -0.0070025934
A4: 46076 | B4: =VLOOKUP(A4, Combine!A4:F60,4,0) -> 0.049612719 | C4: =VLOOKUP(A4,'S&P 500'!A4:D58,3,0) -> -0.0044330206
A5: 46069 | B5: =VLOOKUP(A5, Combine!A5:F61,4,0) -> 0.070384431 | C5: =VLOOKUP(A5,'S&P 500'!A5:D59,3,0) -> 0.010728229 | G5: ВЫВОД ИТОГОВ
A6: 46062 | B6: =VLOOKUP(A6, Combine!A6:F62,4,0) -> 0.084546035 | C6: =VLOOKUP(A6,'S&P 500'!A6:D60,3,0) -> -0.013866971
A7: 46055 | B7: =VLOOKUP(A7, Combine!A7:F63,4,0) -> -0.15537124 | C7: =VLOOKUP(A7,'S&P 500'!A7:D61,3,0) -> -0.00096987619 | G7: Регрессионная статистика
A8: 46048 | B8: =VLOOKUP(A8, Combine!A8:F64,4,0) -> -0.025057968 | C8: =VLOOKUP(A8,'S&P 500'!A8:D62,3,0) -> 0.0033865415 | G8: Множественный R | H8: 0.394892
A9: 46041 | B9: =VLOOKUP(A9, Combine!A9:F65,4,0) -> 0.017264618 | C9: =VLOOKUP(A9,'S&P 500'!A9:D63,3,0) -> -0.0035158451 | G9: R-квадрат | H9: 0.15594
A10: 46034 | B10: =VLOOKUP(A10, Combine!A10:F66,4,0) -> -0.064649498 | C10: =VLOOKUP(A10,'S&P 500'!A10:D64,3,0) -> -0.0037710227 | G10: Нормированный R-квадрат | H10: 0.139389
A11: 46027 | B11: =VLOOKUP(A11, Combine!A11:F67,4,0) -> -0.061965217 | C11: =VLOOKUP(A11,'S&P 500'!A11:D65,3,0) -> 0.015719249 | G11: Стандартная ошибка | H11: 0.05316
A12: 46020 | B12: =VLOOKUP(A12, Combine!A12:F68,4,0) -> -0.016000685 | C12: =VLOOKUP(A12,'S&P 500'!A12:D66,3,0) -> -0.010313221 | G12: Наблюдения | H12: 53
A13: 46013 | B13: =VLOOKUP(A13, Combine!A13:F69,4,0) -> 0.0037618524 | C13: =VLOOKUP(A13,'S&P 500'!A13:D67,3,0) -> 0.013964445
A14: 46006 | B14: =VLOOKUP(A14, Combine!A14:F70,4,0) -> -0.026162596 | C14: =VLOOKUP(A14,'S&P 500'!A14:D68,3,0) -> 0.0010384611 | G14: Дисперсионный анализ
A15: 45999 | B15: =VLOOKUP(A15, Combine!A15:F71,4,0) -> 0.0581842 | C15: =VLOOKUP(A15,'S&P 500'!A15:D69,3,0) -> -0.0062572776 | H15: df | I15: SS | J15: MS | K15: F | L15: Значимость F
A16: 45992 | B16: =VLOOKUP(A16, Combine!A16:F72,4,0) -> -0.056673402 | C16: =VLOOKUP(A16,'S&P 500'!A16:D70,3,0) -> 0.0031113622 | G16: Регрессия | H16: 1 | I16: 0.026627 | J16: 0.026627 | K16: 9.42222 | L16: 0.003431
A17: 45985 | B17: =VLOOKUP(A17, Combine!A17:F73,4,0) -> 0.026147599 | C17: =VLOOKUP(A17,'S&P 500'!A17:D71,3,0) -> 0.037270994 | G17: Остаток | H17: 51 | I17: 0.144123 | J17: 0.002826
A18: 45978 | B18: =VLOOKUP(A18, Combine!A18:F74,4,0) -> -0.08201337 | C18: =VLOOKUP(A18,'S&P 500'!A18:D72,3,0) -> -0.019471021 | G18: Итого | H18: 52 | I18: 0.17075
A19: 45971 | B19: =VLOOKUP(A19, Combine!A19:F75,4,0) -> 0.030539301 | C19: =VLOOKUP(A19,'S&P 500'!A19:D73,3,0) -> 0.00078914517
A20: 45964 | B20: =VLOOKUP(A20, Combine!A20:F76,4,0) -> -0.058612586 | C20: =VLOOKUP(A20,'S&P 500'!A20:D74,3,0) -> -0.016286074 | H20: Коэффициенты | I20: Стандартная ошибка | J20: t-статистика | K20: P-Значение | L20: Нижние 95% | M20: Верхние 95% | N20: Нижние 95.0% | O20: Верхние 95.0%
A21: 45957 | B21: =VLOOKUP(A21, Combine!A21:F77,4,0) -> 0.014772833 | C21: =VLOOKUP(A21,'S&P 500'!A21:D75,3,0) -> 0.0071425521 | G21: Y-пересечение | H21: -0.00084 | I21: 0.007374 | J21: -0.11375 | K21: 0.909881 | L21: -0.01564 | M21: 0.013966 | N21: -0.01564 | O21: 0.013966
A22: 45950 | B22: =VLOOKUP(A22, Combine!A22:F78,4,0) -> -0.038330951 | C22: =VLOOKUP(A22,'S&P 500'!A22:D76,3,0) -> 0.019159635 | G22: Переменная X 1 | H22: 0.99206 | I22: 0.323192 | J22: 3.069563 | K22: 0.003431 | L22: 0.343224 | M22: 1.640895 | N22: 0.343224 | O22: 1.640895
A23: 45943 | B23: =VLOOKUP(A23, Combine!A23:F79,4,0) -> -0.020093683 | C23: =VLOOKUP(A23,'S&P 500'!A23:D77,3,0) -> 0.01701638
A24: 45936 | B24: =VLOOKUP(A24, Combine!A24:F80,4,0) -> 0.007038942 | C24: =VLOOKUP(A24,'S&P 500'!A24:D78,3,0) -> -0.024312851
A25: 45929 | B25: =VLOOKUP(A25, Combine!A25:F81,4,0) -> -0.050284008 | C25: =VLOOKUP(A25,'S&P 500'!A25:D79,3,0) -> 0.010850881
A26: 45922 | B26: =VLOOKUP(A26, Combine!A26:F82,4,0) -> -0.025023132 | C26: =VLOOKUP(A26,'S&P 500'!A26:D80,3,0) -> -0.0031000726
A27: 45915 | B27: =VLOOKUP(A27, Combine!A27:F83,4,0) -> 0.055313038 | C27: =VLOOKUP(A27,'S&P 500'!A27:D81,3,0) -> 0.012160764
A28: 45908 | B28: =VLOOKUP(A28, Combine!A28:F84,4,0) -> -0.015257569 | C28: =VLOOKUP(A28,'S&P 500'!A28:D82,3,0) -> 0.015858983
A29: 45901 | B29: =VLOOKUP(A29, Combine!A29:F85,4,0) -> 0.037117968 | C29: =VLOOKUP(A29,'S&P 500'!A29:D83,3,0) -> 0.0032877934
A30: 45894 | B30: =VLOOKUP(A30, Combine!A30:F86,4,0) -> -0.016031977 | C30: =VLOOKUP(A30,'S&P 500'!A30:D84,3,0) -> -0.0010283118
A31: 45887 | B31: =VLOOKUP(A31, Combine!A31:F87,4,0) -> -0.054338778 | C31: =VLOOKUP(A31,'S&P 500'!A31:D85,3,0) -> 0.0026527954
A32: 45880 | B32: =VLOOKUP(A32, Combine!A32:F88,4,0) -> 0.038136254 | C32: =VLOOKUP(A32,'S&P 500'!A32:D86,3,0) -> 0.0094452574
A33: 45873 | B33: =VLOOKUP(A33, Combine!A33:F89,4,0) -> 0.1255521 | C33: =VLOOKUP(A33,'S&P 500'!A33:D87,3,0) -> 0.024276973
A34: 45866 | B34: =VLOOKUP(A34, Combine!A34:F90,4,0) -> -0.095152215 | C34: =VLOOKUP(A34,'S&P 500'!A34:D88,3,0) -> -0.023577788
... A55: 45719 | B55: =VLOOKUP(A55, Combine!A55:F111,4,0) | C55: =VLOOKUP(A55,'S&P 500'!A55:D109,3,0)
